{
  "train_loss": [
    0.16298993015936344,
    0.09362977923699957,
    0.07680903643587497,
    0.06421435056729637,
    0.05523779528251682,
    0.05230729614125362,
    0.03690031153001936,
    0.052099669544553404,
    0.04243523509659207,
    0.040320434833477525,
    0.021327353528409632,
    0.017551978157160114,
    0.02348205724361951,
    0.014259202809818669,
    0.017644379980201085,
    0.014655449209256526,
    0.01410096740550597,
    0.009284239744825796,
    0.005978374349237165,
    0.005377141084929363
  ],
  "val_loss": [
    0.4362023361348694,
    0.1400574296266412,
    0.20337316493860028,
    0.0759023777079748,
    0.10078355181365777,
    0.048466326508131714,
    0.06716772595336544,
    0.05357892908627383,
    0.05928673751005762,
    0.05117740298148998,
    0.03767762488211404,
    0.030369961148749392,
    0.027122907192300743,
    0.05163602710791711,
    0.02262452988142428,
    0.0349506125549901,
    0.03276474505118456,
    0.02631299786276794,
    0.03350626123182802,
    0.02679696024926482
  ],
  "train_acc": [
    0.9374550682961897,
    0.9659717229810688,
    0.9738797028516655,
    0.9753175173735922,
    0.9774742391564821,
    0.977953510663791,
    0.9858614905343878,
    0.98274622573688,
    0.9841840402588066,
    0.9856218547807333,
    0.9901749341001678,
    0.9935298346513299,
    0.9908938413611311,
    0.9949676491732566,
    0.9940091061586389,
    0.9935298346513299,
    0.9947280134196022,
    0.9966450994488377,
    0.9985621854780733,
    0.9973640067098011
  ],
  "val_acc": [
    0.9146692233940557,
    0.9309683604985618,
    0.8705656759348035,
    0.9568552253116012,
    0.9415148609779482,
    0.9760306807286673,
    0.9712368168744008,
    0.975071907957814,
    0.9856184084372004,
    0.9846596356663471,
    0.9913710450623202,
    0.9894534995206136,
    0.9865771812080537,
    0.9913710450623202,
    0.9904122722914669,
    0.9884947267497604,
    0.9894534995206136,
    0.9913710450623202,
    0.9865771812080537,
    0.9923298178331735
  ],
  "train_duration_seconds": 1159.0
}