{
  "model_name": "efficientnet_b0",
  "total_params": 4010110,
  "trainable_params": 4010110,
  "flops": 769074624,
  "gpu_mean_ms": 8.226473140384769,
  "gpu_std_ms": 0.24108639636679982,
  "cpu_mean_ms": 32.85050995924394,
  "cpu_std_ms": 2.8443260337288323,
  "train_duration_seconds": 1159.0
}