{
  "accuracy": 0.8349358974358975,
  "f1": 0.8830874006810443,
  "auc_roc": 0.9583990795529257,
  "precision": 0.7922606924643585,
  "recall": 0.9974358974358974,
  "specificity": 0.5641025641025641,
  "tp": 389,
  "tn": 132,
  "fp": 102,
  "fn": 1
}