{
  "model_name": "lightcxr",
  "total_params": 270146,
  "trainable_params": 270146,
  "flops": 130534912,
  "gpu_mean_ms": 1.1581192395533435,
  "gpu_std_ms": 0.01872084933101355,
  "cpu_mean_ms": 2.95843374056858,
  "cpu_std_ms": 0.1952753711111905,
  "train_duration_seconds": 812.6
}