{
  "accuracy": 0.8413461538461539,
  "f1": 0.8860759493670886,
  "auc_roc": 0.9466962524654833,
  "precision": 0.8037578288100209,
  "recall": 0.9871794871794872,
  "specificity": 0.5982905982905983,
  "tp": 385,
  "tn": 140,
  "fp": 94,
  "fn": 5
}