{
  "train_loss": [
    0.3497631731984314,
    0.21623135915058653,
    0.19196537386812582,
    0.15208240722795055,
    0.14478277243457766,
    0.1564505446015746,
    0.137927468377796,
    0.13098047064515062,
    0.12640791567943663,
    0.12374079504545547,
    0.10020687829291552,
    0.10116649241776539,
    0.09537883429771761,
    0.0916877980358504,
    0.08752830448680263,
    0.09219436033606786,
    0.08481458718394122,
    0.0842882826675592,
    0.07001901070504538,
    0.07377281377487922,
    0.07239341654558348,
    0.07011181677798987,
    0.06647619403489853,
    0.07604298931889088,
    0.06917400024572408,
    0.06952950474264923,
    0.05950441324613362,
    0.06421015867791587,
    0.05665398039693259,
    0.06486841617386432
  ],
  "val_loss": [
    0.5270731495416519,
    0.1341455342214151,
    0.15859616321376735,
    0.1205366083982464,
    0.1477597452957301,
    0.11375947350195019,
    0.12055150444832767,
    0.1676092976534584,
    0.1519362548025091,
    0.12829649341243568,
    0.0931017693000009,
    0.09882895178800004,
    0.07307560271329014,
    0.08689758293009216,
    0.07880913093864689,
    0.08504437246964396,
    0.07560371723086756,
    0.0670305865621221,
    0.06125404244094144,
    0.06754035696258709,
    0.0693538126116931,
    0.0630936323658832,
    0.05847031679915216,
    0.06571753904016284,
    0.060351955038267666,
    0.05590824997374004,
    0.09514639996642234,
    0.05864002814021744,
    0.06385224361833425,
    0.05856894543314083
  ],
  "train_acc": [
    0.8418404025880661,
    0.9127725856697819,
    0.9254732806134676,
    0.9388928828181164,
    0.9441648693985143,
    0.940809968847352,
    0.9460819554277499,
    0.9506350347471842,
    0.9525521207764198,
    0.952072849269111,
    0.9614186436616343,
    0.9592619218787443,
    0.962856458183561,
    0.9659717229810688,
    0.9647735442127966,
    0.9633357296908699,
    0.9688473520249221,
    0.967169901749341,
    0.9734004313443566,
    0.9731607955907021,
    0.9726815240833933,
    0.9753175173735922,
    0.9729211598370476,
    0.9731607955907021,
    0.9717229810687754,
    0.9729211598370476,
    0.975796788880901,
    0.9724418883297388,
    0.977953510663791,
    0.9769949676491733
  ],
  "val_acc": [
    0.8446788111217641,
    0.9482262703739214,
    0.9146692233940557,
    0.9712368168744008,
    0.9309683604985618,
    0.9482262703739214,
    0.9328859060402684,
    0.959731543624161,
    0.912751677852349,
    0.9664429530201343,
    0.9721955896452541,
    0.9463087248322147,
    0.9683604985618408,
    0.959731543624161,
    0.9760306807286673,
    0.9769894534995206,
    0.9702780441035475,
    0.9817833173537871,
    0.9769894534995206,
    0.965484180249281,
    0.9683604985618408,
    0.9721955896452541,
    0.9779482262703739,
    0.9779482262703739,
    0.9798657718120806,
    0.9789069990412272,
    0.9721955896452541,
    0.9808245445829339,
    0.9769894534995206,
    0.9731543624161074
  ],
  "train_duration_seconds": 812.6
}