{
  "train_loss": [
    0.1606815723086786,
    0.08716060899924724,
    0.0661479528047539,
    0.07561575749738594,
    0.05313006984066038,
    0.059249402095045714,
    0.05564599031778425,
    0.04601639288790272,
    0.04510805288339987,
    0.0477962979853596,
    0.05475433924914535,
    0.027976745819365403,
    0.024609441572691813,
    0.023264705000604596,
    0.011225497541301126,
    0.02410876572130102,
    0.01116019170379382
  ],
  "val_loss": [
    0.13376248735052285,
    0.07331721137491191,
    0.08139919015120854,
    0.04969164941277737,
    0.06676197735269483,
    0.06763285029972417,
    0.0452605565109809,
    0.06260352008926931,
    0.09028987312548341,
    0.08995153630832754,
    0.07425539933095042,
    0.029641540967897277,
    0.03174760338559225,
    0.05393766060521538,
    0.03479533592202859,
    0.045576296034286895,
    0.034273703041136416
  ],
  "train_acc": [
    0.9393721543254253,
    0.9666906302420321,
    0.9734004313443566,
    0.9717229810687754,
    0.9805895039539899,
    0.9781931464174455,
    0.9789120536784088,
    0.9832254972441888,
    0.9841840402588066,
    0.9820273184759166,
    0.977953510663791,
    0.9908938413611311,
    0.9908938413611311,
    0.9918523843757489,
    0.9964054636951833,
    0.9923316558830577,
    0.9976036424634556
  ],
  "val_acc": [
    0.9232981783317353,
    0.9702780441035475,
    0.9741131351869607,
    0.9712368168744008,
    0.9712368168744008,
    0.9674017257909875,
    0.9779482262703739,
    0.9645254074784276,
    0.9789069990412272,
    0.9578139980824545,
    0.987535953978907,
    0.9808245445829339,
    0.9827420901246404,
    0.9884947267497604,
    0.9884947267497604,
    0.987535953978907,
    0.9856184084372004
  ],
  "train_duration_seconds": 800.9
}