{
  "accuracy": 0.8733974358974359,
  "f1": 0.9076023391812865,
  "auc_roc": 0.9622452333990795,
  "precision": 0.8344086021505376,
  "recall": 0.9948717948717949,
  "specificity": 0.6709401709401709,
  "tp": 388,
  "tn": 157,
  "fp": 77,
  "fn": 2
}