{
  "model_name": "mobilenetv2",
  "total_params": 2226434,
  "trainable_params": 2226434,
  "flops": 598993664,
  "gpu_mean_ms": 5.73284787897137,
  "gpu_std_ms": 0.18407747760114343,
  "cpu_mean_ms": 24.24069011991378,
  "cpu_std_ms": 1.9415754523133586,
  "train_duration_seconds": 800.9
}